run,method,optimizer,lr,seed,ablation,test_i2i,test_i2i_strict,test_text2item,test_image2item,val_i2i,val_i2i_strict,val_text2item,val_image2item,params,train_min,best_epoch
abl_no_consistency_gated_SGD_lr0.1_s0,gated,SGD,0.1,0,no_consistency,0.95838,0.76377,0.56053,0.82407,0.96179,0.76621,0.55301,0.82133,3849377,5.91463,28
abl_no_consistency_gated_SGD_lr0.1_s1,gated,SGD,0.1,1,no_consistency,0.95718,0.76888,0.57176,0.82671,0.96162,0.77082,0.54978,0.82424,3849377,5.92251,30
abl_no_consistency_gated_SGD_lr0.1_s2,gated,SGD,0.1,2,no_consistency,0.95642,0.77184,0.5358,0.82316,0.96119,0.77258,0.53236,0.82583,3849377,5.91633,27
abl_no_itc_gated_SGD_lr0.1_s0,gated,SGD,0.1,0,no_itc,0.95497,0.74456,0.43337,0.80785,0.95797,0.74052,0.4245,0.80573,3849377,5.96311,30
abl_no_itc_gated_SGD_lr0.1_s1,gated,SGD,0.1,1,no_itc,0.95478,0.7455,0.55757,0.80693,0.95905,0.74794,0.54132,0.80271,3849377,5.96774,30
abl_no_itc_gated_SGD_lr0.1_s2,gated,SGD,0.1,2,no_itc,0.95294,0.74129,0.4711,0.79697,0.95716,0.74478,0.46419,0.79634,3849377,5.96725,26
abl_no_modality_dropout_gated_SGD_lr0.1_s0,gated,SGD,0.1,0,no_modality_dropout,0.96028,0.77586,0.5618,0.83769,0.9628,0.77677,0.55763,0.83968,3849377,5.9918,29
abl_no_modality_dropout_gated_SGD_lr0.1_s1,gated,SGD,0.1,1,no_modality_dropout,0.96034,0.77718,0.58066,0.83806,0.96533,0.78363,0.57259,0.83282,3849377,5.99745,27
abl_no_modality_dropout_gated_SGD_lr0.1_s2,gated,SGD,0.1,2,no_modality_dropout,0.95966,0.77637,0.56267,0.84068,0.9623,0.77339,0.55181,0.83761,3849377,5.98176,30
abl_no_supcon_gated_SGD_lr0.1_s0,gated,SGD,0.1,0,no_supcon,0.77773,0.44128,0.21305,0.63454,0.7855,0.45158,0.20548,0.63573,3849377,5.9984,9
abl_no_supcon_gated_SGD_lr0.1_s1,gated,SGD,0.1,1,no_supcon,0.79248,0.44641,0.16585,0.62383,0.79292,0.45087,0.15146,0.61868,3849377,5.99401,8
abl_no_supcon_gated_SGD_lr0.1_s2,gated,SGD,0.1,2,no_supcon,0.78697,0.46337,0.21839,0.62145,0.7858,0.46257,0.23017,0.61925,3849377,5.9953,9
early_SGD_lr0.1_s0,early,SGD,0.1,0,full,0.95543,0.75102,0.53979,0.82951,0.95899,0.74725,0.53854,0.8292,3947169,5.94842,30
early_SGD_lr0.1_s1,early,SGD,0.1,1,full,0.9538,0.7516,0.57776,0.8306,0.96032,0.75736,0.56987,0.83602,3947169,5.97297,29
early_SGD_lr0.1_s2,early,SGD,0.1,2,full,0.95526,0.75223,0.53882,0.82312,0.95998,0.75628,0.54029,0.82838,3947169,5.96218,27
gated_AdamW_lr0.003_s0,gated,AdamW,0.003,0,full,0.9559,0.7507,0.57405,0.81457,0.96152,0.75073,0.56118,0.81124,3849377,6.00655,23
gated_AdamW_lr0.003_s1,gated,AdamW,0.003,1,full,0.9568,0.75832,0.59013,0.82515,0.96124,0.76088,0.56689,0.8297,3849377,6.0291,30
gated_AdamW_lr0.003_s2,gated,AdamW,0.003,2,full,0.95725,0.76283,0.59119,0.82422,0.95958,0.7567,0.56994,0.81912,3849377,6.00946,26
gated_Adam_lr0.003_s0,gated,Adam,0.003,0,full,0.95586,0.74902,0.55111,0.82353,0.9607,0.75149,0.54041,0.82163,3849377,6.01494,29
gated_Adam_lr0.003_s1,gated,Adam,0.003,1,full,0.95709,0.75165,0.56076,0.82028,0.96147,0.75498,0.54704,0.81805,3849377,6.00809,24
gated_Adam_lr0.003_s2,gated,Adam,0.003,2,full,0.9544,0.75671,0.57817,0.82429,0.95921,0.76112,0.56553,0.81863,3849377,6.00131,30
gated_SGD_lr0.1_s0,gated,SGD,0.1,0,full,0.9567,0.76567,0.57465,0.83508,0.95949,0.76193,0.56086,0.83342,3849377,5.99671,29
gated_SGD_lr0.1_s1,gated,SGD,0.1,1,full,0.95659,0.76629,0.57897,0.83599,0.95978,0.76761,0.55284,0.82957,3849377,6.00356,28
gated_SGD_lr0.1_s2,gated,SGD,0.1,2,full,0.95467,0.7634,0.54924,0.82138,0.95987,0.76573,0.54379,0.82035,3849377,6.0005,24
image_SGD_lr0.1_s0,image,SGD,0.1,0,full,0.80992,0.36666,,0.80992,0.82166,0.37012,,0.82166,2790817,5.53127,29
image_SGD_lr0.1_s1,image,SGD,0.1,1,full,0.81636,0.37408,,0.81636,0.82267,0.38541,,0.82267,2790817,5.52567,29
image_SGD_lr0.1_s2,image,SGD,0.1,2,full,0.81319,0.37418,,0.81319,0.81981,0.38198,,0.81981,2790817,5.52559,29
late_SGD_lr0.1_s0,late,SGD,0.1,0,full,0.9535,0.73056,0.66693,0.8113,0.95565,0.73317,0.67368,0.8117,3618337,5.85092,29
late_SGD_lr0.1_s1,late,SGD,0.1,1,full,0.95261,0.7365,0.67405,0.81086,0.95848,0.74194,0.66527,0.81038,3618337,5.84796,30
late_SGD_lr0.1_s2,late,SGD,0.1,2,full,0.95499,0.73917,0.69883,0.80957,0.95856,0.7446,0.69518,0.81053,3618337,5.83886,27
text_SGD_lr0.1_s0,text,SGD,0.1,0,full,0.95532,0.78182,0.53358,,0.95882,0.77466,0.51844,,827521,0.90576,25
text_SGD_lr0.1_s1,text,SGD,0.1,1,full,0.95577,0.77844,0.4825,,0.96148,0.77517,0.49421,,827521,0.904,27
text_SGD_lr0.1_s2,text,SGD,0.1,2,full,0.95583,0.77797,0.62657,,0.95957,0.77364,0.61644,,827521,0.91582,27
xattn_SGD_lr0.1_s0,xattn,SGD,0.1,0,full,0.95635,0.76066,0.54984,0.83696,0.95905,0.76031,0.5368,0.83332,4376481,6.65738,30
xattn_SGD_lr0.1_s1,xattn,SGD,0.1,1,full,0.95553,0.76193,0.56286,0.82786,0.96097,0.76457,0.55994,0.82581,4376481,6.66556,26
xattn_SGD_lr0.1_s2,xattn,SGD,0.1,2,full,0.95565,0.76015,0.56956,0.83391,0.96132,0.76236,0.57005,0.82913,4376481,6.65298,26
