variant,metric,variant_ndcg,base_ndcg,diff,p_value
ogm,i2i,0.95686,0.95599,0.00087,0.039
ogm,i2i_strict,0.76674,0.76512,0.00162,0.084
ogm,text2item,0.57234,0.56762,0.00472,0.397
ogm,image2item,0.83663,0.83082,0.00581,0.0
uni,i2i,0.9582,0.95599,0.00221,0.0
uni,i2i_strict,0.77552,0.76512,0.0104,0.0
uni,text2item,0.59494,0.56762,0.02732,0.0
uni,image2item,0.84711,0.83082,0.01629,0.0
noise,i2i,0.8935,0.95599,-0.06249,0.0
noise,i2i_strict,0.53148,0.76512,-0.23364,0.0
noise,text2item,0.27193,0.56762,-0.29569,0.0
noise,image2item,0.7832,0.83082,-0.04762,0.0
noise_uni,i2i,0.91309,0.95599,-0.04289,0.0
noise_uni,i2i_strict,0.52863,0.76512,-0.23649,0.0
noise_uni,text2item,0.28188,0.56762,-0.28574,0.0
noise_uni,image2item,0.80942,0.83082,-0.02139,0.0
