model,condition,i2i mean,i2i std,i2i_strict mean,i2i_strict std,text2item mean,text2item std
early,clean,0.9551,,0.7513,,0.5394,
early,drop 30%,0.7905,0.0016,0.4519,0.0064,0.3836,0.0075
early,drop 60%,0.6125,0.0065,0.2449,0.0072,0.2406,0.0036
early,no title,0.7492,0.0,0.3392,0.0,0.0515,0.0
early,wrong 20%,0.7445,0.0023,0.5618,0.0038,0.4559,0.0054
early,wrong 50%,0.4634,0.0064,0.3114,0.0047,0.3248,0.0067
gated,clean,0.9566,,0.7657,,0.5731,
gated,drop 30%,0.7835,0.0008,0.4621,0.0059,0.4094,0.0158
gated,drop 60%,0.5958,0.0059,0.2504,0.0071,0.2501,0.0055
gated,no title,0.737,0.0,0.2999,0.0,0.0569,0.0
gated,wrong 20%,0.7257,0.0028,0.5653,0.0036,0.4963,0.0036
gated,wrong 50%,0.4282,0.0046,0.3045,0.0033,0.3507,0.0098
image,clean,0.8073,,0.3641,,,
image,drop 30%,0.8073,0.0,0.3641,0.0,,
image,drop 60%,0.8073,0.0,0.3641,0.0,,
image,no title,0.8073,0.0,0.3641,0.0,,
image,wrong 20%,0.8073,0.0,0.3641,0.0,,
image,wrong 50%,0.8073,0.0,0.3641,0.0,,
late,clean,0.9529,,0.7293,,0.666,
late,drop 30%,0.8435,0.0018,0.4881,0.005,0.4895,0.0137
late,drop 60%,0.7374,0.0014,0.3069,0.0064,0.3126,0.0059
late,no title,0.7682,0.0,0.395,0.0,0.405,0.0
late,wrong 20%,0.8352,0.0006,0.5724,0.0011,0.5967,0.0009
late,wrong 50%,0.6971,0.001,0.3665,0.004,0.4589,0.0108
text,clean,0.9554,,0.782,,0.5337,
text,drop 30%,0.6979,0.0023,0.3887,0.0038,0.3377,0.018
text,drop 60%,0.4438,0.0065,0.1531,0.0061,0.1924,0.0026
text,no title,0.0741,0.0,0.0107,0.0,0.0013,0.0
text,wrong 20%,0.6095,0.0025,0.4843,0.0038,0.4295,0.0024
text,wrong 50%,0.2688,0.0036,0.1916,0.0012,0.269,0.0076
xattn,clean,0.9562,,0.7609,,0.5489,
xattn,drop 30%,0.774,0.0011,0.4466,0.0046,0.3862,0.0125
xattn,drop 60%,0.5894,0.0054,0.2358,0.0068,0.2416,0.0041
xattn,no title,0.739,0.0,0.3463,0.0,0.0612,0.0
xattn,wrong 20%,0.7279,0.0023,0.5616,0.0033,0.4616,0.0011
xattn,wrong 50%,0.4325,0.0062,0.3033,0.003,0.3143,0.0079
