model,condition,draw,i2i,i2i_strict,text2item
image,clean,0,0.80726,0.36415,
image,drop 30%,0,0.80726,0.36415,
image,drop 30%,1,0.80726,0.36415,
image,drop 30%,2,0.80726,0.36415,
image,drop 60%,0,0.80726,0.36415,
image,drop 60%,1,0.80726,0.36415,
image,drop 60%,2,0.80726,0.36415,
image,no title,0,0.80726,0.36415,
image,no title,1,0.80726,0.36415,
image,no title,2,0.80726,0.36415,
image,wrong 20%,0,0.80726,0.36415,
image,wrong 20%,1,0.80726,0.36415,
image,wrong 20%,2,0.80726,0.36415,
image,wrong 50%,0,0.80726,0.36415,
image,wrong 50%,1,0.80726,0.36415,
image,wrong 50%,2,0.80726,0.36415,
text,clean,0,0.95544,0.78198,0.53369
text,drop 30%,0,0.69678,0.39307,0.35724
text,drop 30%,1,0.69631,0.38659,0.32181
text,drop 30%,2,0.70052,0.38655,0.33396
text,drop 60%,0,0.4372,0.14665,0.18936
text,drop 60%,1,0.44409,0.15363,0.19412
text,drop 60%,2,0.45014,0.15889,0.19363
text,no title,0,0.07407,0.01074,0.00125
text,no title,1,0.07407,0.01074,0.00125
text,no title,2,0.07407,0.01074,0.00125
text,wrong 20%,0,0.60855,0.48459,0.42687
text,wrong 20%,1,0.61231,0.48799,0.43004
text,wrong 20%,2,0.60765,0.48031,0.4316
text,wrong 50%,0,0.27132,0.19277,0.26666
text,wrong 50%,1,0.2703,0.19033,0.27754
text,wrong 50%,2,0.26466,0.19174,0.26281
early,clean,0,0.95508,0.75133,0.53945
early,drop 30%,0,0.79171,0.45523,0.3921
early,drop 30%,1,0.79109,0.45588,0.37779
early,drop 30%,2,0.78873,0.44449,0.38088
early,drop 60%,0,0.61063,0.23702,0.23838
early,drop 60%,1,0.60717,0.2464,0.2386
early,drop 60%,2,0.61978,0.25127,0.24471
early,no title,0,0.74924,0.33915,0.05154
early,no title,1,0.74924,0.33915,0.05154
early,no title,2,0.74924,0.33915,0.05154
early,wrong 20%,0,0.74437,0.5639,0.45789
early,wrong 20%,1,0.74689,0.56404,0.46001
early,wrong 20%,2,0.7423,0.55742,0.44975
early,wrong 50%,0,0.46652,0.31494,0.31797
early,wrong 50%,1,0.46763,0.31324,0.3314
early,wrong 50%,2,0.45604,0.30601,0.3251
late,clean,0,0.95287,0.72926,0.666
late,drop 30%,0,0.84477,0.48866,0.50471
late,drop 30%,1,0.84434,0.49281,0.47825
late,drop 30%,2,0.8415,0.48294,0.48547
late,drop 60%,0,0.73714,0.2997,0.30961
late,drop 60%,1,0.73617,0.31174,0.30865
late,drop 60%,2,0.73885,0.3093,0.31939
late,no title,0,0.76824,0.39496,0.40495
late,no title,1,0.76824,0.39496,0.40495
late,no title,2,0.76824,0.39496,0.40495
late,wrong 20%,0,0.83574,0.57191,0.59703
late,wrong 20%,1,0.83464,0.57371,0.59743
late,wrong 20%,2,0.83536,0.57166,0.59577
late,wrong 50%,0,0.69793,0.37114,0.45291
late,wrong 50%,1,0.69739,0.36391,0.47138
late,wrong 50%,2,0.69601,0.36448,0.45242
gated,clean,0,0.95659,0.76567,0.57306
gated,drop 30%,0,0.78266,0.46657,0.4264
gated,drop 30%,1,0.78416,0.46429,0.39528
gated,drop 30%,2,0.78378,0.45548,0.40639
gated,drop 60%,0,0.59176,0.24338,0.24389
gated,drop 60%,1,0.59311,0.25031,0.25462
gated,drop 60%,2,0.60262,0.25762,0.25167
gated,no title,0,0.73705,0.29991,0.05687
gated,no title,1,0.73705,0.29991,0.05687
gated,no title,2,0.73705,0.29991,0.05687
gated,wrong 20%,0,0.72372,0.56515,0.49372
gated,wrong 20%,1,0.7289,0.5689,0.50041
gated,wrong 20%,2,0.72447,0.56178,0.49465
gated,wrong 50%,0,0.43202,0.30818,0.34267
gated,wrong 50%,1,0.4295,0.30361,0.36164
gated,wrong 50%,2,0.42317,0.30165,0.34776
xattn,clean,0,0.95617,0.76091,0.54893
xattn,drop 30%,0,0.7729,0.4514,0.39686
xattn,drop 30%,1,0.77404,0.44641,0.37249
xattn,drop 30%,2,0.77515,0.44212,0.38914
xattn,drop 60%,0,0.58612,0.22832,0.23707
xattn,drop 60%,1,0.58644,0.23727,0.24512
xattn,drop 60%,2,0.59555,0.24167,0.24272
xattn,no title,0,0.73905,0.34626,0.06123
xattn,no title,1,0.73905,0.34626,0.06123
xattn,no title,2,0.73905,0.34626,0.06123
xattn,wrong 20%,0,0.72646,0.56213,0.46101
xattn,wrong 20%,1,0.7306,0.56458,0.461
xattn,wrong 20%,2,0.72662,0.55811,0.46289
xattn,wrong 50%,0,0.43794,0.30671,0.31355
xattn,wrong 50%,1,0.43376,0.30235,0.32246
xattn,wrong 50%,2,0.42579,0.30089,0.30681
gated+ogm,clean,0,0.95706,0.76624,0.59736
gated+ogm,drop 30%,0,0.78872,0.47279,0.44119
gated+ogm,drop 30%,1,0.79016,0.47079,0.42021
gated+ogm,drop 30%,2,0.79128,0.46293,0.41762
gated+ogm,drop 60%,0,0.60588,0.25151,0.25132
gated+ogm,drop 60%,1,0.60266,0.25542,0.2649
gated+ogm,drop 60%,2,0.61147,0.26143,0.26102
gated+ogm,no title,0,0.73729,0.36983,0.06769
gated+ogm,no title,1,0.73729,0.36983,0.06769
gated+ogm,no title,2,0.73729,0.36983,0.06769
gated+ogm,wrong 20%,0,0.73014,0.56916,0.50483
gated+ogm,wrong 20%,1,0.73592,0.56992,0.51309
gated+ogm,wrong 20%,2,0.73085,0.5659,0.51649
gated+ogm,wrong 50%,0,0.44709,0.31664,0.3557
gated+ogm,wrong 50%,1,0.44313,0.31076,0.3693
gated+ogm,wrong 50%,2,0.4377,0.30998,0.35905
gated+uni,clean,0,0.95992,0.77375,0.57457
gated+uni,drop 30%,0,0.79253,0.47329,0.43121
gated+uni,drop 30%,1,0.79257,0.46769,0.39691
gated+uni,drop 30%,2,0.79037,0.46469,0.40152
gated+uni,drop 60%,0,0.60326,0.24423,0.24876
gated+uni,drop 60%,1,0.60579,0.25308,0.25401
gated+uni,drop 60%,2,0.61076,0.25864,0.2566
gated+uni,no title,0,0.76064,0.37763,0.06065
gated+uni,no title,1,0.76064,0.37763,0.06065
gated+uni,no title,2,0.76064,0.37763,0.06065
gated+uni,wrong 20%,0,0.7304,0.57198,0.47445
gated+uni,wrong 20%,1,0.73474,0.57572,0.48222
gated+uni,wrong 20%,2,0.73177,0.57057,0.47853
gated+uni,wrong 50%,0,0.4504,0.31715,0.31252
gated+uni,wrong 50%,1,0.44759,0.31346,0.33008
gated+uni,wrong 50%,2,0.43808,0.31046,0.32291
gated+noise,clean,0,0.89127,0.52167,0.27965
gated+noise,drop 30%,0,0.86107,0.47806,0.26586
gated+noise,drop 30%,1,0.8617,0.47876,0.25781
gated+noise,drop 30%,2,0.85938,0.47786,0.25861
gated+noise,drop 60%,0,0.83687,0.44274,0.24137
gated+noise,drop 60%,1,0.83152,0.44489,0.24304
gated+noise,drop 60%,2,0.83458,0.44348,0.23503
gated+noise,no title,0,0.79598,0.40798,0.21399
gated+noise,no title,1,0.79598,0.40798,0.21399
gated+noise,no title,2,0.79598,0.40798,0.21399
gated+noise,wrong 20%,0,0.86865,0.48985,0.26521
gated+noise,wrong 20%,1,0.87068,0.48885,0.26689
gated+noise,wrong 20%,2,0.86789,0.48638,0.26348
gated+noise,wrong 50%,0,0.83434,0.44527,0.23432
gated+noise,wrong 50%,1,0.83396,0.4422,0.23649
gated+noise,wrong 50%,2,0.83405,0.44777,0.24103
gated+noise+uni,clean,0,0.91108,0.52123,0.27303
gated+noise+uni,drop 30%,0,0.87875,0.48005,0.2567
gated+noise+uni,drop 30%,1,0.87857,0.48097,0.2509
gated+noise+uni,drop 30%,2,0.87425,0.476,0.24827
gated+noise+uni,drop 60%,0,0.84477,0.44002,0.23234
gated+noise+uni,drop 60%,1,0.84437,0.44093,0.2296
gated+noise+uni,drop 60%,2,0.84422,0.44154,0.2337
gated+noise+uni,no title,0,0.80663,0.40475,0.20304
gated+noise+uni,no title,1,0.80663,0.40475,0.20304
gated+noise+uni,no title,2,0.80663,0.40475,0.20304
gated+noise+uni,wrong 20%,0,0.88467,0.48851,0.25822
gated+noise+uni,wrong 20%,1,0.88622,0.48779,0.25818
gated+noise+uni,wrong 20%,2,0.88499,0.48778,0.2523
gated+noise+uni,wrong 50%,0,0.84904,0.43749,0.22827
gated+noise+uni,wrong 50%,1,0.852,0.44203,0.23679
gated+noise+uni,wrong 50%,2,0.8517,0.44295,0.22923
