metric,proposed,vs,proposed_ndcg,proposed_ci_low,proposed_ci_high,other_ndcg,diff,p_value,n_queries
i2i,xattn,gated,0.95584,0.95211,0.95952,0.95599,-0.00014,0.771,6602
i2i,gated,xattn,0.95599,0.95212,0.95988,0.95584,0.00014,0.771,6602
i2i,gated,text,0.95599,0.95212,0.95988,0.95564,0.00035,0.665,6602
i2i,xattn,text,0.95584,0.95211,0.95952,0.95564,0.00021,0.819,6602
i2i,gated,early,0.95599,0.95212,0.95988,0.95483,0.00116,0.015,6602
i2i,xattn,early,0.95584,0.95211,0.95952,0.95483,0.00102,0.033,6602
i2i,gated,late,0.95599,0.95212,0.95988,0.9537,0.00229,0.001,6602
i2i,xattn,late,0.95584,0.95211,0.95952,0.9537,0.00214,0.001,6602
i2i,gated,image,0.95599,0.95212,0.95988,0.81316,0.14283,0.0,6602
i2i,xattn,image,0.95584,0.95211,0.95952,0.81316,0.14268,0.0,6602
i2i_strict,gated,text,0.76512,0.75676,0.77342,0.77941,-0.01429,0.0,6602
i2i_strict,xattn,text,0.76091,0.75243,0.7688,0.77941,-0.0185,0.0,6602
i2i_strict,xattn,gated,0.76091,0.75243,0.7688,0.76512,-0.00421,0.0,6602
i2i_strict,gated,xattn,0.76512,0.75676,0.77342,0.76091,0.00421,0.0,6602
i2i_strict,gated,early,0.76512,0.75676,0.77342,0.75162,0.01351,0.0,6602
i2i_strict,xattn,early,0.76091,0.75243,0.7688,0.75162,0.0093,0.0,6602
i2i_strict,gated,late,0.76512,0.75676,0.77342,0.73541,0.02971,0.0,6602
i2i_strict,xattn,late,0.76091,0.75243,0.7688,0.73541,0.0255,0.0,6602
i2i_strict,gated,image,0.76512,0.75676,0.77342,0.37164,0.39348,0.0,6602
i2i_strict,xattn,image,0.76091,0.75243,0.7688,0.37164,0.38927,0.0,6602
text2item,gated,late,0.56762,0.54318,0.59085,0.67994,-0.11231,0.0,712
text2item,xattn,late,0.56075,0.53772,0.58261,0.67994,-0.11918,0.0,712
text2item,xattn,gated,0.56075,0.53772,0.58261,0.56762,-0.00687,0.23,712
text2item,gated,xattn,0.56762,0.54318,0.59085,0.56075,0.00687,0.23,712
text2item,gated,early,0.56762,0.54318,0.59085,0.55212,0.0155,0.007,712
text2item,xattn,early,0.56075,0.53772,0.58261,0.55212,0.00863,0.159,712
text2item,gated,text,0.56762,0.54318,0.59085,0.54755,0.02007,0.014,712
text2item,xattn,text,0.56075,0.53772,0.58261,0.54755,0.0132,0.089,712
image2item,gated,xattn,0.83082,0.8231,0.83814,0.83291,-0.00209,0.127,6602
image2item,xattn,gated,0.83291,0.82526,0.84011,0.83082,0.00209,0.127,6602
image2item,gated,early,0.83082,0.8231,0.83814,0.82775,0.00307,0.025,6602
image2item,xattn,early,0.83291,0.82526,0.84011,0.82775,0.00516,0.0,6602
image2item,gated,image,0.83082,0.8231,0.83814,0.81316,0.01766,0.0,6602
image2item,xattn,image,0.83291,0.82526,0.84011,0.81316,0.01975,0.0,6602
image2item,gated,late,0.83082,0.8231,0.83814,0.81058,0.02024,0.0,6602
image2item,xattn,late,0.83291,0.82526,0.84011,0.81058,0.02233,0.0,6602
