system,image_weight,i2i NDCG@10,i2i-strict NDCG@10
DINOv2 + MiniLM (late fusion),0.0,0.7327,0.3088
DINOv2 + MiniLM (late fusion),0.1,0.7648,0.3198
DINOv2 + MiniLM (late fusion),0.2,0.789,0.3274
DINOv2 + MiniLM (late fusion),0.3,0.8095,0.3318
DINOv2 + MiniLM (late fusion),0.4,0.8256,0.3343
DINOv2 + MiniLM (late fusion),0.5,0.835,0.3317
DINOv2 + MiniLM (late fusion),0.6,0.8378,0.3269
DINOv2 + MiniLM (late fusion),0.7,0.8336,0.3193
DINOv2 + MiniLM (late fusion),0.8,0.8202,0.305
DINOv2 + MiniLM (late fusion),0.9,0.7967,0.2815
DINOv2 + MiniLM (late fusion),1.0,0.758,0.2443
CLIP image + text,0.0,0.7581,0.5177
CLIP image + text,0.1,0.7711,0.5228
CLIP image + text,0.2,0.7844,0.5275
CLIP image + text,0.3,0.7963,0.5306
CLIP image + text,0.4,0.8058,0.5297
CLIP image + text,0.5,0.8146,0.5273
CLIP image + text,0.6,0.8196,0.5156
CLIP image + text,0.7,0.8197,0.4935
CLIP image + text,0.8,0.8125,0.4556
CLIP image + text,0.9,0.7912,0.3912
CLIP image + text,1.0,0.7416,0.2897
SigLIP image + text,0.0,0.7178,0.3712
SigLIP image + text,0.1,0.7351,0.3788
SigLIP image + text,0.2,0.7521,0.3861
SigLIP image + text,0.3,0.7696,0.3928
SigLIP image + text,0.4,0.7875,0.3997
SigLIP image + text,0.5,0.8062,0.4039
SigLIP image + text,0.6,0.8219,0.4045
SigLIP image + text,0.7,0.834,0.4013
SigLIP image + text,0.8,0.8384,0.3863
SigLIP image + text,0.9,0.8303,0.3524
SigLIP image + text,1.0,0.8068,0.2908
