system,group,i2i P@5,i2i P@10,i2i mAP@10,i2i NDCG@10,i2i-strict P@5,i2i-strict P@10,i2i-strict mAP@10,i2i-strict NDCG@10,search P@5,search P@10,search mAP@10,search NDCG@10,encode ms/item
TF-IDF (title),text,0.6887,0.6137,0.5507,0.6577,0.3076,0.2614,0.247,0.3519,0.3287,0.2238,0.3042,0.4021,0.07
MiniLM (title),text,0.7579,0.6919,0.6427,0.7327,0.2677,0.2274,0.2072,0.3088,0.4973,0.3552,0.4792,0.607,8.62
CLIP text,text,0.7769,0.7276,0.6701,0.7581,0.4483,0.3886,0.4088,0.5177,0.4613,0.3406,0.4455,0.5697,25.07
SigLIP text,text,0.7436,0.6804,0.6193,0.7178,0.326,0.2807,0.2608,0.3712,0.2506,0.1785,0.2116,0.3124,162.05
ResNet50 image,image,0.6858,0.6564,0.5884,0.6792,0.234,0.2054,0.1637,0.2574,,,,,165.82
DINOv2 image,image,0.7663,0.737,0.6835,0.758,0.2201,0.1942,0.1515,0.2443,,,,,206.7
CLIP image,image,0.7488,0.7217,0.6642,0.7416,0.2666,0.2272,0.189,0.2897,0.3716,0.2946,0.3263,0.4528,146.23
SigLIP image,image,0.817,0.7858,0.7419,0.8068,0.2612,0.2231,0.185,0.2908,0.4996,0.3923,0.481,0.6182,528.12
DINOv2 + MiniLM (late fusion),multimodal,0.8445,0.8081,0.7684,0.835,0.2878,0.2537,0.2195,0.3317,0.4973,0.3552,0.4792,0.607,215.32
CLIP image + text,multimodal,0.8277,0.7897,0.7424,0.8146,0.4582,0.4017,0.4154,0.5273,0.5211,0.3785,0.5048,0.6245,171.3
SigLIP image + text,multimodal,0.822,0.7762,0.7279,0.8062,0.3506,0.3108,0.2852,0.4039,0.3425,0.2552,0.3052,0.4291,690.17
