optimizer,lr,val i2i NDCG@10,val i2i-strict NDCG@10,val score,weight_decay
SGD,0.01,0.90279,0.53863,1.44141,
SGD,0.05,0.90769,0.5499,1.45759,
SGD,0.2,0.89958,0.54558,1.44516,
Adam,0.0003,0.90442,0.54109,1.44551,
Adam,0.001,0.91015,0.54787,1.45801,
Adam,0.003,0.90912,0.55226,1.46138,
AdamW,0.0003,0.90443,0.5409,1.44533,0.05
AdamW,0.0003,0.9048,0.54083,1.44563,0.5
AdamW,0.001,0.91013,0.54787,1.458,0.05
AdamW,0.001,0.91007,0.5477,1.45777,0.5
AdamW,0.003,0.9091,0.55116,1.46025,0.05
AdamW,0.003,0.90902,0.54995,1.45898,0.5
