optimizer,seed,epoch,train_loss,i2i NDCG@10,i2i-strict NDCG@10
SGD,0,1,5.24,0.8478,0.5032
SGD,0,2,4.237,0.8682,0.5376
SGD,0,3,4.0153,0.879,0.5799
SGD,0,4,3.8732,0.8858,0.5907
SGD,0,5,3.8181,0.8894,0.6063
SGD,0,6,3.7931,0.8924,0.6101
SGD,0,7,3.6662,0.8956,0.611
SGD,0,8,3.6288,0.9003,0.6105
SGD,0,9,3.5963,0.9018,0.6165
SGD,0,10,3.5272,0.9036,0.6185
SGD,0,11,3.6348,0.9053,0.6164
SGD,0,12,3.5968,0.9071,0.6191
SGD,0,13,3.5279,0.9078,0.6184
SGD,0,14,3.4805,0.9084,0.6227
SGD,0,15,3.533,0.9114,0.625
SGD,0,16,3.568,0.9115,0.6271
SGD,0,17,3.5197,0.912,0.6258
SGD,0,18,3.5465,0.913,0.6258
SGD,0,19,3.5223,0.9148,0.6275
SGD,0,20,3.479,0.9165,0.6274
SGD,0,21,3.4983,0.917,0.6252
SGD,0,22,3.5964,0.9168,0.6283
SGD,0,23,3.4449,0.9164,0.632
SGD,0,24,3.4528,0.9177,0.6306
SGD,0,25,3.5549,0.9173,0.631
SGD,0,26,3.4319,0.9167,0.6313
SGD,0,27,3.4483,0.9169,0.6316
SGD,0,28,3.4745,0.9171,0.6325
SGD,0,29,3.4476,0.9175,0.632
SGD,0,30,3.4285,0.9175,0.6324
SGD,0,31,3.4758,0.9172,0.6323
SGD,0,32,3.4835,0.9179,0.6325
SGD,0,33,3.4796,0.9176,0.6323
SGD,0,34,3.3868,0.9177,0.6327
SGD,0,35,3.3998,0.9181,0.6324
SGD,0,36,3.4102,0.9177,0.632
SGD,0,37,3.4893,0.9177,0.6319
SGD,0,38,3.4113,0.9177,0.6321
SGD,0,39,3.4616,0.9177,0.6321
SGD,0,40,3.3831,0.9177,0.6321
SGD,1,1,5.3504,0.8398,0.5162
SGD,1,2,4.1095,0.8632,0.5537
SGD,1,3,4.0,0.8772,0.5727
SGD,1,4,3.8714,0.886,0.5938
SGD,1,5,3.8021,0.8908,0.6085
SGD,1,6,3.8065,0.8969,0.6064
SGD,1,7,3.7916,0.8976,0.6077
SGD,1,8,3.6315,0.9016,0.6117
SGD,1,9,3.6112,0.9018,0.6148
SGD,1,10,3.5358,0.903,0.6169
SGD,1,11,3.6647,0.9085,0.6182
SGD,1,12,3.5887,0.9097,0.6182
SGD,1,13,3.5698,0.9108,0.6225
SGD,1,14,3.5441,0.9091,0.6227
SGD,1,15,3.575,0.9129,0.6236
SGD,1,16,3.5501,0.9136,0.6255
SGD,1,17,3.5267,0.9147,0.6253
SGD,1,18,3.5383,0.9144,0.6261
SGD,1,19,3.4799,0.9152,0.6265
SGD,1,20,3.5429,0.9155,0.6262
SGD,1,21,3.4192,0.9161,0.6279
SGD,1,22,3.3675,0.9172,0.6286
SGD,1,23,3.4157,0.9177,0.6272
SGD,1,24,3.5062,0.9176,0.6302
SGD,1,25,3.4582,0.9191,0.6296
SGD,1,26,3.5286,0.9197,0.6304
SGD,1,27,3.4356,0.9191,0.6314
SGD,1,28,3.4548,0.9198,0.6311
SGD,1,29,3.4228,0.921,0.6306
SGD,1,30,3.455,0.9206,0.6306
SGD,1,31,3.3947,0.9206,0.6306
SGD,1,32,3.4203,0.92,0.6312
SGD,1,33,3.4075,0.9196,0.6303
SGD,1,34,3.475,0.9198,0.6305
SGD,1,35,3.4341,0.9201,0.6315
SGD,1,36,3.4019,0.92,0.6314
SGD,1,37,3.3465,0.9197,0.6312
SGD,1,38,3.4848,0.9196,0.6312
SGD,1,39,3.3971,0.9195,0.6312
SGD,1,40,3.4189,0.9196,0.631
SGD,2,1,5.3344,0.8274,0.5126
SGD,2,2,4.211,0.8536,0.5427
SGD,2,3,3.9686,0.8703,0.57
SGD,2,4,3.8533,0.8817,0.5905
SGD,2,5,3.7516,0.8855,0.6056
SGD,2,6,3.7087,0.8906,0.6069
SGD,2,7,3.7194,0.8977,0.6073
SGD,2,8,3.6719,0.9018,0.6081
SGD,2,9,3.6018,0.9063,0.6155
SGD,2,10,3.6058,0.9065,0.6198
SGD,2,11,3.6172,0.9085,0.6253
SGD,2,12,3.575,0.9111,0.6249
SGD,2,13,3.5857,0.913,0.6242
SGD,2,14,3.6075,0.9134,0.6253
SGD,2,15,3.5431,0.9147,0.6257
SGD,2,16,3.5474,0.9161,0.624
SGD,2,17,3.5144,0.9169,0.6288
SGD,2,18,3.4276,0.9189,0.6265
SGD,2,19,3.5159,0.9194,0.6276
SGD,2,20,3.4676,0.921,0.6264
SGD,2,21,3.4604,0.9193,0.6302
SGD,2,22,3.4655,0.9196,0.6309
SGD,2,23,3.5102,0.9205,0.63
SGD,2,24,3.5249,0.9211,0.6299
SGD,2,25,3.4412,0.9201,0.6295
SGD,2,26,3.4428,0.9214,0.629
SGD,2,27,3.4658,0.922,0.6288
SGD,2,28,3.4294,0.9208,0.6289
SGD,2,29,3.3973,0.9203,0.6296
SGD,2,30,3.4978,0.9217,0.6268
SGD,2,31,3.4829,0.9212,0.6282
SGD,2,32,3.4709,0.9229,0.6285
SGD,2,33,3.4748,0.9225,0.6289
SGD,2,34,3.4179,0.9225,0.6292
SGD,2,35,3.4317,0.9224,0.6293
SGD,2,36,3.4213,0.9229,0.6289
SGD,2,37,3.3978,0.923,0.6294
SGD,2,38,3.4086,0.9231,0.6292
SGD,2,39,3.4894,0.9231,0.6293
SGD,2,40,3.3899,0.9231,0.6293
Adam,0,1,4.9429,0.8512,0.4938
Adam,0,2,4.1988,0.8694,0.5322
Adam,0,3,3.9722,0.8765,0.5665
Adam,0,4,3.873,0.8845,0.5702
Adam,0,5,3.8184,0.8872,0.592
Adam,0,6,3.7777,0.8874,0.5968
Adam,0,7,3.6733,0.8952,0.6025
Adam,0,8,3.6428,0.9003,0.5992
Adam,0,9,3.5898,0.8995,0.6079
Adam,0,10,3.5385,0.9019,0.6068
Adam,0,11,3.6343,0.9026,0.6014
Adam,0,12,3.6135,0.9021,0.6067
Adam,0,13,3.5308,0.9064,0.6073
Adam,0,14,3.4786,0.9049,0.6203
Adam,0,15,3.5108,0.9093,0.6174
Adam,0,16,3.5766,0.9054,0.616
Adam,0,17,3.5298,0.9051,0.6122
Adam,0,18,3.5596,0.9032,0.6209
Adam,0,19,3.5558,0.9097,0.6212
Adam,0,20,3.4854,0.9129,0.6167
Adam,0,21,3.5004,0.9129,0.6208
Adam,0,22,3.5817,0.9109,0.625
Adam,0,23,3.4272,0.9108,0.6276
Adam,0,24,3.4368,0.9141,0.6241
Adam,0,25,3.5385,0.9137,0.6254
Adam,0,26,3.4123,0.9116,0.6278
Adam,0,27,3.4312,0.9138,0.6262
Adam,0,28,3.4544,0.9147,0.6258
Adam,0,29,3.4231,0.9138,0.6252
Adam,0,30,3.4049,0.9144,0.6269
Adam,0,31,3.4436,0.9144,0.6279
Adam,0,32,3.4564,0.9147,0.627
Adam,0,33,3.4452,0.9151,0.6275
Adam,0,34,3.3434,0.915,0.6279
Adam,0,35,3.3684,0.9153,0.6279
Adam,0,36,3.3792,0.9158,0.6277
Adam,0,37,3.463,0.9163,0.6275
Adam,0,38,3.3714,0.9165,0.6273
Adam,0,39,3.4345,0.9158,0.6274
Adam,0,40,3.3473,0.9158,0.6274
Adam,1,1,5.0623,0.8454,0.4998
Adam,1,2,4.0518,0.8682,0.5496
Adam,1,3,3.9633,0.8781,0.5668
Adam,1,4,3.8593,0.8796,0.5879
Adam,1,5,3.783,0.8852,0.6054
Adam,1,6,3.7972,0.8945,0.5942
Adam,1,7,3.7522,0.8933,0.5985
Adam,1,8,3.6287,0.9001,0.5974
Adam,1,9,3.6103,0.9003,0.6011
Adam,1,10,3.5321,0.9009,0.6132
Adam,1,11,3.6109,0.9072,0.6104
Adam,1,12,3.5791,0.908,0.6107
Adam,1,13,3.5695,0.9094,0.613
Adam,1,14,3.5483,0.9087,0.6101
Adam,1,15,3.5864,0.9119,0.6197
Adam,1,16,3.5386,0.9119,0.6152
Adam,1,17,3.5226,0.9115,0.623
Adam,1,18,3.5243,0.9119,0.6224
Adam,1,19,3.485,0.9117,0.6182
Adam,1,20,3.5495,0.9143,0.6227
Adam,1,21,3.4122,0.9159,0.623
Adam,1,22,3.3635,0.9188,0.6253
Adam,1,23,3.4042,0.9176,0.6261
Adam,1,24,3.4889,0.9172,0.6301
Adam,1,25,3.4428,0.9182,0.6314
Adam,1,26,3.5034,0.9192,0.6293
Adam,1,27,3.4047,0.9204,0.6291
Adam,1,28,3.4353,0.9212,0.628
Adam,1,29,3.39,0.9214,0.6248
Adam,1,30,3.4178,0.9207,0.6276
Adam,1,31,3.3567,0.9196,0.6277
Adam,1,32,3.3801,0.9191,0.6271
Adam,1,33,3.3613,0.9199,0.6274
Adam,1,34,3.4362,0.9193,0.6281
Adam,1,35,3.4076,0.9187,0.6278
Adam,1,36,3.363,0.9183,0.6282
Adam,1,37,3.3086,0.9186,0.6282
Adam,1,38,3.4327,0.9185,0.6282
Adam,1,39,3.3614,0.9184,0.6282
Adam,1,40,3.3711,0.9184,0.6283
Adam,2,1,4.8514,0.8438,0.4969
Adam,2,2,4.0996,0.8737,0.5437
Adam,2,3,3.9035,0.8823,0.5696
Adam,2,4,3.8015,0.8875,0.5891
Adam,2,5,3.7121,0.8925,0.6027
Adam,2,6,3.6629,0.901,0.6014
Adam,2,7,3.6842,0.9078,0.5964
Adam,2,8,3.6553,0.9096,0.6054
Adam,2,9,3.5785,0.9112,0.6131
Adam,2,10,3.5972,0.9096,0.6168
Adam,2,11,3.613,0.9089,0.6135
Adam,2,12,3.5706,0.9139,0.6126
Adam,2,13,3.5705,0.9141,0.6194
Adam,2,14,3.5887,0.9114,0.6163
Adam,2,15,3.5418,0.9124,0.617
Adam,2,16,3.5492,0.9133,0.6197
Adam,2,17,3.4917,0.9163,0.625
Adam,2,18,3.3955,0.9169,0.6192
Adam,2,19,3.4838,0.9158,0.622
Adam,2,20,3.4531,0.9154,0.6185
Adam,2,21,3.4389,0.9159,0.6247
Adam,2,22,3.4371,0.9157,0.6277
Adam,2,23,3.4756,0.9187,0.6262
Adam,2,24,3.4779,0.9191,0.6266
Adam,2,25,3.4017,0.9206,0.6252
Adam,2,26,3.3992,0.9203,0.624
Adam,2,27,3.4265,0.921,0.6269
Adam,2,28,3.3832,0.9173,0.6254
Adam,2,29,3.3525,0.9182,0.6252
Adam,2,30,3.4617,0.9198,0.6228
Adam,2,31,3.4346,0.9211,0.6234
Adam,2,32,3.4178,0.9216,0.6254
Adam,2,33,3.4217,0.9211,0.627
Adam,2,34,3.3644,0.9213,0.6279
Adam,2,35,3.3834,0.9219,0.6287
Adam,2,36,3.368,0.9223,0.6287
Adam,2,37,3.3351,0.9222,0.6284
Adam,2,38,3.3452,0.9222,0.6284
Adam,2,39,3.4489,0.9217,0.6285
Adam,2,40,3.3346,0.9217,0.6285
AdamW,0,1,4.9428,0.8513,0.4938
AdamW,0,2,4.1987,0.8694,0.5322
AdamW,0,3,3.9722,0.8766,0.5667
AdamW,0,4,3.8729,0.8847,0.5704
AdamW,0,5,3.8183,0.8876,0.5927
AdamW,0,6,3.7779,0.8872,0.5966
AdamW,0,7,3.6735,0.8954,0.6027
AdamW,0,8,3.6426,0.9001,0.5991
AdamW,0,9,3.5893,0.8991,0.6074
AdamW,0,10,3.5385,0.9019,0.6066
AdamW,0,11,3.6347,0.9026,0.6022
AdamW,0,12,3.6138,0.9024,0.6073
AdamW,0,13,3.5308,0.9069,0.6075
AdamW,0,14,3.4792,0.9046,0.6203
AdamW,0,15,3.5107,0.91,0.6171
AdamW,0,16,3.5768,0.9056,0.6163
AdamW,0,17,3.531,0.9047,0.6117
AdamW,0,18,3.5604,0.9033,0.6202
AdamW,0,19,3.5559,0.9095,0.6211
AdamW,0,20,3.4861,0.9132,0.6165
AdamW,0,21,3.5003,0.9126,0.6205
AdamW,0,22,3.5818,0.911,0.6255
AdamW,0,23,3.4274,0.9106,0.6273
AdamW,0,24,3.4364,0.914,0.624
AdamW,0,25,3.5378,0.9136,0.6252
AdamW,0,26,3.4125,0.9125,0.6282
AdamW,0,27,3.4308,0.9138,0.6261
AdamW,0,28,3.454,0.9145,0.6258
AdamW,0,29,3.4229,0.9139,0.6254
AdamW,0,30,3.4041,0.9141,0.627
AdamW,0,31,3.4431,0.9146,0.6286
AdamW,0,32,3.4558,0.9146,0.6271
AdamW,0,33,3.4445,0.9147,0.6279
AdamW,0,34,3.343,0.9148,0.6282
AdamW,0,35,3.3676,0.9151,0.6278
AdamW,0,36,3.3784,0.9164,0.6277
AdamW,0,37,3.4621,0.9161,0.6281
AdamW,0,38,3.3704,0.9161,0.6281
AdamW,0,39,3.4334,0.9162,0.628
AdamW,0,40,3.3465,0.9162,0.628
AdamW,1,1,5.0622,0.8455,0.4998
AdamW,1,2,4.0517,0.8683,0.5498
AdamW,1,3,3.9631,0.8781,0.567
AdamW,1,4,3.8593,0.8797,0.5879
AdamW,1,5,3.783,0.8851,0.6052
AdamW,1,6,3.7976,0.8948,0.5939
AdamW,1,7,3.7528,0.8932,0.5986
AdamW,1,8,3.6285,0.9003,0.5971
AdamW,1,9,3.6109,0.9001,0.6008
AdamW,1,10,3.5324,0.9012,0.6132
AdamW,1,11,3.611,0.9073,0.6105
AdamW,1,12,3.579,0.9081,0.6106
AdamW,1,13,3.5694,0.9093,0.6128
AdamW,1,14,3.5484,0.9089,0.6107
AdamW,1,15,3.5864,0.9118,0.6193
AdamW,1,16,3.5398,0.9116,0.6155
AdamW,1,17,3.5228,0.9113,0.623
AdamW,1,18,3.5249,0.9117,0.622
AdamW,1,19,3.4856,0.9114,0.6182
AdamW,1,20,3.55,0.9142,0.6227
AdamW,1,21,3.4127,0.9161,0.6233
AdamW,1,22,3.3639,0.919,0.6253
AdamW,1,23,3.405,0.9177,0.6261
AdamW,1,24,3.4883,0.9175,0.6306
AdamW,1,25,3.4434,0.9181,0.6312
AdamW,1,26,3.5036,0.9193,0.6294
AdamW,1,27,3.4046,0.9206,0.6288
AdamW,1,28,3.4354,0.9212,0.6274
AdamW,1,29,3.39,0.9212,0.6243
AdamW,1,30,3.4177,0.9204,0.6274
AdamW,1,31,3.3562,0.9196,0.6277
AdamW,1,32,3.3797,0.919,0.6266
AdamW,1,33,3.3607,0.9199,0.6279
AdamW,1,34,3.4356,0.9192,0.6281
AdamW,1,35,3.4068,0.9186,0.6279
AdamW,1,36,3.3624,0.9183,0.6283
AdamW,1,37,3.3076,0.9186,0.6285
AdamW,1,38,3.432,0.9184,0.6282
AdamW,1,39,3.3606,0.9182,0.6283
AdamW,1,40,3.3703,0.9182,0.6283
AdamW,2,1,4.8514,0.8437,0.4969
AdamW,2,2,4.0994,0.8736,0.5436
AdamW,2,3,3.9032,0.8823,0.5698
AdamW,2,4,3.8013,0.8876,0.589
AdamW,2,5,3.712,0.8925,0.6029
AdamW,2,6,3.6628,0.901,0.6014
AdamW,2,7,3.6841,0.9078,0.5964
AdamW,2,8,3.6556,0.9095,0.6052
AdamW,2,9,3.5784,0.9115,0.6133
AdamW,2,10,3.5976,0.9098,0.6166
AdamW,2,11,3.6132,0.9092,0.6133
AdamW,2,12,3.5711,0.9137,0.6125
AdamW,2,13,3.5709,0.9141,0.62
AdamW,2,14,3.5897,0.9116,0.6161
AdamW,2,15,3.5426,0.9123,0.6167
AdamW,2,16,3.5499,0.9129,0.6191
AdamW,2,17,3.4922,0.9165,0.6246
AdamW,2,18,3.396,0.9165,0.6188
AdamW,2,19,3.4839,0.9156,0.6214
AdamW,2,20,3.4536,0.9155,0.6184
AdamW,2,21,3.4392,0.9162,0.6249
AdamW,2,22,3.4372,0.9154,0.6276
AdamW,2,23,3.4756,0.9182,0.626
AdamW,2,24,3.478,0.9192,0.6269
AdamW,2,25,3.4018,0.92,0.6246
AdamW,2,26,3.399,0.9206,0.6234
AdamW,2,27,3.426,0.9208,0.6268
AdamW,2,28,3.3832,0.9174,0.6257
AdamW,2,29,3.3521,0.9185,0.6248
AdamW,2,30,3.4612,0.9198,0.6227
AdamW,2,31,3.4342,0.921,0.6231
AdamW,2,32,3.4175,0.9211,0.6257
AdamW,2,33,3.4212,0.921,0.6278
AdamW,2,34,3.3636,0.9211,0.6278
AdamW,2,35,3.3827,0.9215,0.6291
AdamW,2,36,3.3673,0.9221,0.6288
AdamW,2,37,3.3344,0.9221,0.6285
AdamW,2,38,3.3444,0.9216,0.6284
AdamW,2,39,3.4482,0.9215,0.6284
AdamW,2,40,3.3337,0.9216,0.6284
